NewTask,,,,,,,,
java add edit data to server,stackoverflow.com/questions/18475752/add-edit-data-in-a-sql-database-using-html-forms-text-input-boxes,,,,,,,
,www.codejava.net/java-se/jdbc/jdbc-tutorial-sql-insert-select-update-and-delete-examples,,,,,,,
java code to enter patient data,www.javaprogrammingforums.com/object-oriented-programming/34821-clinic-registration-system.html,,,,,,,
java add eidt personel data to server,stackoverflow.com/questions/18475752/add-edit-data-in-a-sql-database-using-html-forms-text-input-boxes,,,,,,,
java add edit data to server,,,,,,,,
java add edit data to server site:stackoverflow.com,stackoverflow.com/questions/19026773/edit-a-table-in-jsp-page-which-edits-the-database,,,,,,,
java code to edit data in server,https://msdn.microsoft.com/en-us/library/aa342343(v=sql.110).aspx,,,,,,,
,stackoverflow.com/questions/19026773/edit-a-table-in-jsp-page-which-edits-the-database,,,,,,,
,https://netbeans.org/kb/docs/idea/java-db.html,,,,,,,
,www.tutorialspoint.com/jdbc/jdbc-update-records.htm,,,,,,,
NewTask,,,,,,,,
java search and sort,,,,,,,,
java search and sort algorithms,,,,,,,,
java search and sort algorithms site:stackoverflow.com,stackoverflow.com/questions/10159834/efficient-implementations-of-searching-sorting-algorithms-in-java,,,,,,,
,http://docjar.com/html/api/java.util/Collections.java.html,,,,,,,
,http://intelligentjava.wordpress.com/2014/07/05/sorting-algorithms/,,,,,,,
java search and sort into groups algorithms site:stackoverflow.com,stackoverflow.com/questions/13662829/rearrange-int-array-sort-into-groups-with-a-sum-maximum-in-java,,,,,,,
,stackoverflow.com/questions/4073119/topological-sort-with-grouping,,,,,,,
,stackoverflow.com/questions/3009146/splitting-values-into-groups-evenly,,,,,,,
,stackoverflow.com/questions/29720508/sorting-algorithm-for-round-robin-seeding,,,,,,,
java grouping algorithms site:stackoverflow.com,stackoverflow.com/questions/6042679/java-grouping-algorithm,,,,,,,
,stackoverflow.com/questions/21678430/group-a-list-of-objects-by-an-attribute-java,,,,,,,
NewTask,,,,,,,,
java code to teach algebra,avc.com/2015/07/using-code-to-teach-algebra/,,,,,,,
java code to teach algebra site:stackoverflow.com;github.com,stackoverflow.com/questions/29613646/computer-assisted-instruction-cai-for-teaching-someone-math,,,,,,,
,stackoverflow.com/questions/255976/whats-a-good-way-to-teach-my-son-to-program-java,,,,,,,
,stackoverflow.com/questions/1431885/how-to-solve-equations-with-java,,,,,,,
,www.intmath.com/matrices-determinants/1-determinants.php,,,,,,,
java code to teach basic algebra site:stackoverflow.com;github.com,stackoverflow.com/questions/2060024/want-to-improve-math-skills-for-programming,,,,,,,
,stackoverflow.com/questions/3422673/evaluating-a-math-expression-given-in-string-form,,,,,,,
,stackoverflow.com/questions/29571582/program-that-teaches-someone-multiplication-with-random-numbers,,,,,,,
,stackoverflow.com/questions/29613646/computer-assisted-instruction-cai-for-teaching-someone-math,,,,,,,
java code to teach algebra,avc.com/2015/07/using-code-to-teach-algebra/,,,,,,,
,www.bootstrapworld.org,,,,,,,
,www.mathandcoding.org,,,,,,,
java code for generating math equations,stackoverflow.com/questions/29918425/randomly-generating-equation-and-answer,,,,,,,
,www.coderanch.com/t/521607/java/java/Math-Equations,,,,,,,
,https://javagraphics.java.net/doc/com/bric/math/Equations.html,,,,,,,
,https://javagraphics.java.net/doc/com/bric/math/Equations.html#Equations~~,,,,,,,
,https://java.net/svn/javagraphics~svn/trunk/src/com/bric/math/Equations.java,,,,,,,
random math operator java,stackoverflow.com/questions/14407034/generate-random-math-operator-in-java,,,,,,,
NewTask,,,,,,,,
java sketchpad,www.dynamicgeometry.com/JavaSketchpad.html,,,,,,,
,www.dynamicgeometry.com/JavaSketchpad.html/About_JavaSketchpad.html,,,,,,,
java sketching code examples,https://docs.oracle.com/javase/tutorial/2d/geometry/primitives.html,,,,,,,
,beginwithjava.blogspot.com/2008/07/very-basic-java0graphics-3-example.html,,,,,,,
java drawing class code examples,,,,,,,,
java drawing class code examples sites:stackoverflow.com,stackoverflow.com/questions/9612684/drawing-in-java-using-canvas,,,,,,,
,stackoverflow.com/questions/15986677/drawing-an-object-using-getgraphics-without-extending-jframe,,,,,,,
,stackoverflow.com/questions/13805172/paint-from-different-classes,,,,,,,
java drawing code examples sites:stackoverflow.com,,,,,,,,
java drawing clean pictures code examples sites:stackoverflow.com,stackoverflow.com/questions/12984207/cannot-convert-current-canvas-data-into-image-in-java,,,,,,,
NewTask,,,,,,,,
java source code teach algebra,https://java.net/projects_tags/math,,,,,,,
java source code teaching algebra program,https://code.org/educate/curriculum/3rd-party,,,,,,,
,https://java.net/projects/fcalculator/sources,,,,,,,
,https://java.net/projects/fcalculator/sources/source-code-repository/show,,,,,,,
,https://java.net/projects/fcalculator/sources/source-code-repository/show/src/org?rev=1,,,,,,,
,https://java.net/projects/fcalculator/sources/source-code-repository/show/src/org/fc?rev=1,,,,,,,
,https://java.net/projects/fcalculator/sources/source-code-repository/show/src/org/fc/algorithms?rev=1,,,,,,,
,https://java.net/projects/fcalculator/sources/source-code-repository/show/src/org/fc/algorithms/Statistics.java?rev=1,,,,,,,
,https://java.net/projects/jscience/sources/svn/show,,,,,,,
,https://java.net/projects/jscience/sources/svn/show/trunk?rev=696,,,,,,,
,https://java.net/projects/jscience/sources/svn/show/trunk/jscience?rev=696,,,,,,,
,https://java.net/projects/jscience/sources/svn/show/trunk/jscience/src?rev=696        ,,,,,,,
,https://java.net/projects/jscience/sources/svn/show/trunk/jscience/src/site?rev=696,,,,,,,
,https://java.net/projects/jscience/sources/svn/show/trunk/jscience/src/site/doc?rev=696,,,,,,,
,https://java.net/projects/jscience/sources/svn/show/trunk/jscience,,,,,,,
,"https://java.net/projects/scientificpad/sources/svn/show	",,,,,,,
,https://java.net/projects/scientificpad/sources/svn/show/trunk?rev=81,,,,,,,
,"https://java.net/projects/scientificpad/sources/svn/show/trunk/src?rev=81	",,,,,,,
,https://java.net/projects/scientificpad/sources/svn/show/trunk/src/MathMLPad?rev=81,,,,,,,
,www.cs.elte.hu/~ewkiss/software/uaprog/uaprog.html,,,,,,,
teaching algebra program in java,,,,,,,,
teaching algebra program with java,avc.com/2015/07/using-coding-to-teach-algebra,,,,,,,
,www.bootstrapworld.org,,,,,,,
teaching algebra program with java site:github.com,https://github.com/teake/simplie,,,,,,,
teaching algebra with java site:github.com,https://github.com/vkostyukov/la4j,,,,,,,
,https://github.com/vkostyukov/la4j/tree/master/src,,,,,,,
,https://github.com/vkostyukov/la4j/tree/master/src/main/java/org/la4j,,,,,,,
,https://github.com/vkostyukov/la4j/tree/master/src/main/java/org/la4j/Matrix.java,,,,,,,
,https://github.com/vkostyukov/la4j/tree/master/src/main/java/org/la4j/linear,,,,,,,
,https://github.com/vkostyukov/la4j/tree/master/src/main/java/org/la4j/linear/AbstractSolver.java,,,,,,,
,https://github.com/vkostyukov/la4j/tree/master/src/main/java/org/la4j/linear/ForwardBackSubstitutionSolver.java,,,,,,,
,https://github.comManojkumarMuralidharan/MultiAgent-Virtual-Teaching-Assistant/blob/master/MA_Virtual_TA/src/edu/ncsu/csu/mvta/sevice/QuestionService.java,,,,,,,
,https://github.com/haifengl/smile,,,,,,,
,https://github.com/kredel/java-algebra-system,,,,,,,
,https://github.com/kredel/java-algebra-system/tree/master/src/edu,,,,,,,
,https://github.com/kredel/java-algebra-system/tree/master/src/edu/jas,,,,,,,
,https://github.com/tzaeschke/zoodb/blob/master/examples/org/zoodb/jdo/ex2/Example2Main.java,,,,,,,
,https://gist.github.com/anonymous/1406238,,,,,,,
,https://github.com/fommil/matrix-toolkits-java,,,,,,,
,https://github.com/fommil/matrix-toolkits-java/tree/master/src,,,,,,,
,https://github.com/fommil/matrix-toolkits-java/tree/master/src/main/java/no/uib/cipr/matrix,,,,,,,
,https://github.com/fommil/matrix-toolkits-java/tree/master/src/main/java/no/uib/cipr/matrix/Vector.java,,,,,,,
,"https://github.com/fommil/matrix-toolkits-java/tree/master/src/main/java/no/uib/cipr/matrix/Matrix.java	",,,,,,,
,https://github.com/haifengl/smile/tree/master/math,,,,,,,
,https://github.com/haifengl/smile/tree/master/math/src,,,,,,,
,https://github.com/haifengl/smile/tree/master/math/src/main/java/smile/stat,,,,,,,
teaching algebra java source code site:github.com,,,,,,,,
teaching algebra site:github.com,https://github.com/friendly/matlib,,,,,,,
teaching algebra java site:github.com,https://github.com/akarve/giant.java,,,,,,,
,https://github.com/akarve/giant.java/tree/master/giantystem/dev,,,,,,,
,https://github.com/akarve/giant.java/tree/master/giantystem/dev/net/giantsystem/sf,,,,,,,
,https://github.com/akarve/giant.java/tree/master/giantystem/dev/net/giantsystem/sf/GiANT.java,,,,,,,
,"https://raw.githubusercontent.com/akarve/giant.java/tree/master/giantystem/dev/net/giantsystem/sf/GiANT.java	",,,,,,,
NewTask,,,,,,,,
sketching program in java,math.hws.edu/eck/cs124/javanotes6/source/SimplePaint.java,,,,,,,
,www.java2s.com/Tutorial/Java/0261__2D-Graphics/TheSimpleDrawapplication.htm,,,,,,,
,cs.lmu.edu/~ray/notes/javagraphics,,,,,,,
,stackoverflow.com/questions/11440521/mouse-drawing-program-java,,,,,,,
,wphooper.com/java/tutorial/source/Graphics/html/simplermouseinteraction/Drawing.php,,,,,,,
,https://docs.oracle.com/javase/tutorial/2d/basic2d,,,,,,,
,https://docs.oracle.com/javase/tutorial/2d/basic2d/examples/WeatherWizard.java,,,,,,,
java drawing program,stackoverflow.com/questions/13356365/gui-java-program-paint-program,,,,,,,
NewTask,,,,,,,,
patient records in java,www.ncbi.nim.nih.gov/pubmed/8947770,,,,,,,
patient records in java site:github.com,https://github.com/EquipeXP/patient-records/tree/master/serenityTests/src/main/java,,,,,,,
,https://github.com/EquipeXP/patient-records,,,,,,,
,https://github.com/EquipeXP/patient-records/tree/master/patient-records,,,,,,,
,https://github.com/EquipeXP/patient-records/tree/master/patient-records/src/main,,,,,,,
,https://github.com/EquipeXP/patient-records/tree/master/patient-records/src/main/java/com/unicamp/controllers/PatientController.java,,,,,,,
,https://github.com/EquipeXP/patient-records/tree/master/patient-records/src/main/java/com/unicamp/entity,,,,,,,
,https://github.com/EquipeXP/patient-records/tree/master/patient-records/src/main/java/com/unicamp/entity/Patient.java,,,,,,,
,https://github.com/EquipeXP/patient-records/tree/master/patient-records/src/main/java/com/unicamp/controllers,,,,,,,
,"https://github.com/EquipeXP/patient-records/tree/master/patient-records/src/main/java/com/unicamp/controllers/PatientController.java	",,,,,,,
,"https://github.com/EquipeXP/patient-records/tree/master/patient-records/src/main/java/com/unicamp/controllers/PatientController.java	",,,,,,,
,https://github.com/EquipeXP/patient-records/tree/master/patient-records/src/main/java/com/unicamp/controllers,,,,,,,
,https://github.com/EquipeXP/patient-records/tree/master/patient-records/src/main/java/com/unicamp    ,,,,,,,
,https://github.com/EquipeXP/patient-records/tree/master/patient-records/src/main/java/com/unicamp/repository,,,,,,,
,https://github.com/EquipeXP/patient-records/tree/master/patient-records/src/main/java/com/unicamp/repository/PatientRepository.java,,,,,,,
,https://github.com/stellalie/emr/blob/master/Record.java,,,,,,,
,https://raw.githubusercontent.com/stellalie/emr/master/Record.java,,,,,,,
NewTask,,,,,,,,
split student into groups algorithm,,,,,,,,
split student into groups algorithm,stackoverflow.com/questions/876220/what-is-an-algorithm-to-split-a-group-of-items-into-3-separate-groups-fairly,,,,,,,
split student into groups list all possible groups algorithm,stackoverflow.com/questions/322401/algorithm-to-split-an-array-into-n-groups-based-on-item-index-should-be-somethi,,,,,,,
split into groups enumerate all possible conbinations,,,,,,,,
split into groups enumerate all possible combinations,,,,,,,,
split into groups enumerate all possible combinations java,stackoverflow.com/questions/21835204/how-to-get-all-combinations-of-list-groupsing-of-at-least-a-certain-size,,,,,,,
,stackoverflow.com/questions/29656649/split-a-list-into-two-sublists-in-all-possible-ways,,,,,,,
,codereview.stackexchagne.com/questions/12262/create-a-list-of-all-possible-combinations-of-elements-into-n-groups-from-a-set,,,,,,,
grouping enumerate all possible combinations java,,,,,,,,
set grouping enumerate all possible combinations java,www.sanfoundry.com/java-program-generate-all-possible-combinations-given-list-numbers,,,,,,,
,stackoverflow.com/questions/20935315/java-generate-the-power-set-of-a-given-list,,,,,,,
split set into N groups enumerate all possible combinations java,stackoverflow.com/questions/34107558/java-split-into-n-parts-of-random-length,,,,,,,
NewTask,,,,,,,,
sudoku open source java,playsudoku.sourceforge.net,,,,,,,
create ui grid java,stackoverflow.com/questions/15421708/how-to-draw-grid-using-swing-class-java-and-detect-mouse-position-when-click-and,,,,,,,
java button listener popup,https://docs.oracle.com/javase/tutorial/uiswing/events/mouselistener.html,,,,,,,
,alvinalexander.com/java/button-listener-pressed-actionlistener,,,,,,,
java add listener to button,,,,,,,,
java button onclicklistener,,,,,,,,
java button actionlistener,stackoverflow.com/questions/17511789/button-actionlistener,,,,,,,
,www.javaprogrammingforums.com/java-swing-tutorials/278-how-add-actionlistener-jbutton-swing.html,,,,,,,
,alvinalexander.com/java/button-listener-pressed-actionlistener,,,,,,,
java hashmap,,,,,,,,
java hashmap integer,,,,,,,,
java pair class implementation,stackoverflow.com/questions/7316571/java-pairt-n-class-implementation,,,,,,,
NewTask,,,,,,,,
java unopened emails,stackoverflow.com/questions/21174357/java-get-unread-emails,,,,,,,
NewTask,,,,,,,,
java hashmap phone directory example,stackoverflow.com/questions/27877336/implementation-of-data-structure-for-phone-directory,,,,,,,
,www.java-forums.org/new-java/54387-phonebook-hashmap-example.html,,,,,,,
NewTask,,,,,,,,
java mean median mode,stackoverflow.com/questions/4191687/how-to-calculate-mean-median-mode-and-range-from-a-set-of-numbers,,,
java create bar chart,www.tutorialspoint.com/jfreechart/jfreechart_bar_chart.htm,,,
java create pie chart,docs.oracle.com/javafx/2/charts/pie-chart.htm,,,
java take user input from command line in a loop,www.coderanch.com/t/411174/java/java/Continious-user-input,,,,,,,
,alvinalexander.com/java/edu/pj/pj010005,,,,,,,
,www.coderanch.com/t/411174/java/java/Continious-user-input,,,,,,,
java switch case example,https://examples.javacodegeeks.com/java-basics/switch-statement/java-switch-case-example/,,,,,,,
,https://docs.oracle.com/javase/tutorial/java/nutsandbolts/switch.html,,,,,,,
,https://examples.javacodegeeks.com/java-basics/switch-statement/java-switch-case-example/,,,,,,,
java increment integer,stackoverflow.com/questions/3815173/increment-a-integers-int-value,,,,,,,
java increment integer in hashmap,stackoverflow.com/questions/4277388/increment-an-integer-within-a-hashmap,,,,,,,
,stackoverflow.com/questions/81346/most-efficient-way-to-increment-a-map-value-in-java,,,,,,,
,codereview.com/stackexchange.com/questions/57078/more-elegant-way- to-increment-integers-in-map,,,,,,,
NewTask,,,,,,,,
a program to survey people's preferences snippets of Java,,,,,,,,
"a program to "survey" people's "preferences" snippets of Java"" program to "survey" people's "preferences" sni""program to "survey" people's "pref""rogram to "survey" peo""ogram to "s""g",,,,,,,,
"a program to "survey" people's preferences snippets of Java"" program to "survey" people's preferences sni""program to "survey" people's pre""rogram to "survey" p""ogram to ",,,,,,,,
java survey program code,codereview.stackexchange.com/questions/80261/simple-survey-application,,,,,,,
,http://github.com/twilio/automated-survey-java,,,,,,,
,codereview.stackexchange.com/questions/64472/issuing-multiple-choice-tests,,,,,,,
java survey program code site:stackoverflow.com,stackoverflow.com/questions/â€¦/open-source-survey-questionaire-engine-for-java/,,,,,,,
,codereview.stackexchange.com/questions/80261/simple-survey-application,,,,,,,
,codereview.stackexchange.com/questions/64472/issuing-multiple-choice-tests,,,,,,,
,http://github.com/twilio/automated-survey-java,,,,,,,
,codereview.stackexchange.com/questions/80261/simple-survey-application,,,,,,,
,codereview.stackexchange.com/questions/64472/issuing-multiple-choice-tests,,,,,,,
,codereview.stackexchange.com/questions/64472/issuing-multiple-choice-tests,,,,,,,
,codereview.stackexchange.com/questions/80261/simple-survey-application,,,,,,,
,codereview.stackexchange.com/questions/64472/issuing-multiple-choice-tests,,,,,,,
,http://github.com/twilio/automated-survey-java,,,,,,,
,codereview.stackexchange.com/questions/80261/simple-survey-application,,,,,,,
,stackoverflow.com/questions/4975416/how-to-code-a-basic-questionaire,,,,,,,
,stackoverflow.com/questions/1364291/script-to-take-web-survey-for-me,,,,,,,
,stackoverflow.com/questions/4975416/how-to-code-a-basic-questionaire,,,,,,,
,http://github.com/twilio/automated-survey-java,,,,,,,
,http://github.com/twilio/automated-survey-java/tree/master/src,,,,,,,
,http://github.com/twilio/automated-survey-java/tree/master/src/main,,,,,,,
,http://github.com/twilio/automated-survey-java/tree/master/src/main/java/com/twilio/survey,,,,,,,
java survey program code,,,,,,,,
java survey program source code,www.javaworld.com/article/2077505/core-java/java-tip-139--ask-the-right-questions-in-your-survey-application.html,,,,,,,
NewTask,,,,,,,,
java video game algorithm,,,,,,,,
java video game algorithm code,math.hws.edu/eck/cs124/javanotes4/c5/ex-5-5-answer.html,,,,,,,
java video game data structure code,www.java-gaming.org/topics/locking-list,,,,,,,
,http://www.quora.com/Do-I-need-to-learn-data-structures-for-video-game-programming,,,,,,,
,http://www.quora.com/What-is-the-best-data-structure-for-a-2D-real-time-game-for-drawing-and-collisions,,,,,,,
,www.java-gaming.org/topics/locking-list,,,,,,,
,http://www.quora.com/Do-I-need-to-learn-data-structures-for-video-game-programming,,,,,,,
,http://www.quora.com/What-is-the-best-data-structure-for-a-2D-real-time-game-for-drawing-and-collisions,,,,,,,
,www.java-gaming.org/index.php?topic=26759.0,,,,,,,
,forum.codecall.net/topic/43209-java-source-code-tic-tac-toe-game/,,,,,,,
java code sims game,,,,,,,,
java source code sims game,http://www.planet-source-code.com/vb/scripts/BrowseCategoryOrSearchResults.asp?lngWld2&grpCategories=72&optSort=Alphabetical&txtMaxNumberOfEntriesPerPage=10,,,,,,,
,https://developers.slashdot.org/story/08/01/12/1846256/simcity-source-code-is-now-open,,,,,,,
,http://www.planet-source-code.com/vb/scripts/BrowseCategoryOrSearchResults.asp?lngWld2&grpCategories=72&optSort=Alphabetical&txtMaxNumberOfEntriesPerPage=10,,,,,,,
,https://developers.slashdot.org/story/08/01/12/1846256/simcity-source-code-is-now-open,,,,,,,
java source code chess game,www.mychess.com/source/MyChessViewer/ChessBoard.java,,,,,,,
build complex games with java source code,www.neiljohan.com/java,,,,,,,
,www.neiljohan.com/java/Connect4.java,,,,,,,
,www.neiljohan.com/java,,,,,,,
,www.neiljohan.com/java/misc/CarGoatSim.java,,,,,,,
,www.neiljohan.com/java,,,,,,,
,www.neiljohan.com/java/Connect4.java,,,,,,,
build graphical games with java source code,https://imhasib.wordpress.com/2011/10/27/snake-game-in-java-with-source-code/,,,,,,,
,www.progressivejava.net/2012/10/Battleship-game-in-Java--How-to-program25.html,,,,,,,
NewTask,,,,,,,,
java email count message code,stackoverflow.com/questions/6805351/counting-the-number-of-emails-in-the-gmail-inbox,,,,,,,
java email count new message code,stackoverflow.com/questions/13137405/retrieving-all-unread-emails-using-javamail,,,,,,,
,http://javamail.java.net/nonav/docs/api/com/sun/mail/imap/IMAPFolder.html,,,,,,,
,stackoverflow.com/questions/13137405/retrieving-all-unread-emails-using-javamail,,,,,,,
java email count unread message code,,,,,,,,
NewTask,,,,,,,,
java source code database sql,,,,,,,,
java source code database sql search,alvinalexander.com/java/edu/pj/jdbc/jdbc0003,,,,,,,
NewTask,,,,,,,,
othello java code,https://martin-thoma.com/images/2012/04/minted-source-code.pdf,,,,,,,
othello java data structure,https://techoverflow.net/blog/2012/11/23/othello-in-java-part-1-data-structures,,,,,,,
,https://github.com/haly/Othello/blob/master/Othello.java,,,,,,,
NewTask,,,,,,,,
java web application,,,,,,,,
java web application survey,jdesurvey.codeplex.com,,,,,,,
,jdesurvey.codeplex.com/SourceControl/latest#README.md,,,,,,,
,jdesurvey.codeplex.com/wikipage?title=Developer%20Information,,,,,,,
,jdesurvey.codeplex.com/documentation,,,,,,,
,https://www.jdsoft.com,,,,,,,
,https://dzone.com/articles/architect-this-implementing-a-,,,,,,,
,kaviddiss.com/2015/11/25/java-survey-results-web-frameworks,,,,,,,
java web application,www.journaldev.com/1854/java-web-application-tutorial-for-beginners,,,,,,,
,docs.oracle.com/javaee/6/tutorial/doc/bnadr.html,,,,,,,
,docs.oracle.com/javaee/6/tutorial/doc/bnadh.html,,,,,,,
java web applications examples,https://eclipse.org/webtools/community/tutorials/SchoolSchedule/BuildingAScheduleWebApp.html,,,,,,,
,www.javaguicodexample.com/javawebapplication1.html,,,,,,,
java database connection,www.tutorialspoint.com/jdbc/jdbc-db-connections.htm,,,,,,,
java database query update example,alvinalexander.com/java/java-mysql-update-query-example,,,,,,,
,www.codejava.net/java-se/jdbc/jdbc-tutorial-sql-insert-update-and-delete-examples,,,,,,,
NewTask,,,,,,,,
java hashmap,,,,,,,,
java dictionary,www.tutorialspoint.com/java/java_dictionary_class.htm,,,,,,,
,www.tutorialspoint.com/java/java_map_interface.htm,,,,,,,
phone number regex java,www.journaldev.com/641/regular-expression-phone-number-validation-in-java,,,,,,,
hashmap with duplicate keys,stackoverflow.com/questions/18922165/how-to-include-duplicate-keys-in-hashmap,,,,,,,
NewTask,,,,,,,,
java email client,www.java-tips.org/java-se-tips-100019/15-javax-swing/1392-how-to-create-an-e-mail-client-in-java.html,,,,,,,
java email client inbox counter,,,,,,,,
java email client counter,www.developer.com/java/data/monitoring-email-accounts-imap-in-java.html,,,,,,,
NewTask,,,,,,,,
java calculator code,codereview.stackexchange.com/questions/40615/simple-java-calculator,,,,,,,
java code to solve linear equations,www.sanfoundry.com/java-program-solve-linear-equation/,,,,,,,
java code to solve quadratic equation,www.careerbless.com/samplecodes/java/beginners/basicprograms/QuadraticEquationSolver.php,,,,,,,
java code to teach basic algebra,avc.com/2015/07/using-code-to-teach-algebra/,,,,,,,
java code to solve equations,stackoverflow.com/questions/1431885/how-to-solve-equations-with-java,,,,,,,
,www.csee.umbc.edu/~squire/cs455_l3.html,,,,,,,
,stackoverflow.com/questions/1431885/how-to-solve-equations-with-java,,,,,,,
,www.careerbless.com/samplecodes/java/beginners/basicprograms/QuadraticEquationSolver.php,,,,,,,
java code for algebra identities,introcs.cs.princeton.edu/java/95linear/Matrix.java.html,,,,,,,
,krum.rz.uni-mannheim.de/jas/,,,,,,,
,introcs.cs.princeton.edu/java/95linear/,,,,,,,
,https://news.ycombinator.com/item?id=9022676,,,,,,,
java code for algebra expansions,stackoverflow.com/questions/17347230/java-expand-mathematical-equations,,,,,,,
,krum.rz.uni-mannheim.de/jas/,,,,,,,
,http://code.google.com/archive/p/symja/,,,,,,,
NewTask,,,,,,,,
java code to build a canvas,stackoverflow.com/questions/12139307/how-to-create-a-canvas-inside-jframe-and-draw-a-few-basic-shapes,,,,,,,
java code to get mouse position,stackoverflow.com/questions/1439022/get-mouse-position,,,,,,,
java code for mouse click event,https://docs.oracle.com/javase/tutorial/uiswing/events/mouselistener.html,,,,,,,
,https://examples.javacodegeeks.com/desktop-java/awt/event/handle-mouse-clicks-example/,,,,,,,
,stackoverflow.com/questions/2668718/java-mouselistener,,,,,,,
java code for color pallete,,,,,,,,
java code for color palette,www.sourcecodesworld.com/source/show.asp?ScriptID=811,,,,,,,
,https://docs.oracle.com/javase/tutorial/uiswing/components/colorchooser.html,,,,,,,
java code for color palette site:stackoverflow.com,stackoverflow.com/questions/223971/generating-spectrum-color-palettes,,,,,,,
,stackoverflow.com/questions/8544585/java-swing-issue-using-color-palette,,,,,,,
java code for choosing a color on canvas,www.java2s.com/Code/Java/2D-Graphics-GUI/Drawcanvaswithcolorandtext.htm,,,,,,,
java code for choosing sketching,cs.lmu.edu/~ray/notes/javagraphics/,,,,,,,
NewTask,,,,,,,,
java code to add and insert records into a database,alvinalexander.com/java/edu/pj/jdbc/jdbc0002,,,,,,,
java code to add and edit records into a database,www.codejava.net/java-se/jdbc/jdbc-tutorial-sql-insert-select-update-and-delete-examples,,,,,,,
NewTask,,,,,,,,
java code to divide into groups,stackoverflow.com/questions/15659552/divide-a-group-into-subgroups-of-size-k,,,,,,,
NewTask,,,,,,,,
java swing draw,stackoverflow.com/questions/6118737/how-to-draw-in-jpanel-swing-graphics-java,,,,,,,
,stackoverflow.com/questions/6105393/changing-jpanel-graphics-g-color-drawing-line/6105437/#6105437,,,,,,,
,stackoverflow.com/questions/6118737/how-to-draw-in-jpanel-swing-graphics-java,,,,,,,
,stackoverflow.com/questions/6105393/changing-jpanel-graphics-g-color-drawing-line/6105437/#6105437,,,,,,,
,stackoverflow.com/questions/6118737/how-to-draw-in-jpanel-swing-graphics-java,,,,,,,
,https://docs.oracle.com/javase/tutorial/uiswing/drawing/,,,,,,,
java swing paint,www.oracle.com/technetwork/java/painting-140037.html,,,,,,,
,www.oracle.com/technetwork/java/painting-140037.html#swing,,,,,,,
java swing paint draw,,,,,,,,
java paint draw,,,,,,,,
java color picker,https://docs.oracle.com/javase/tutorial/uiswing/components/colorchooser.html#api,,,,,,,
,https://docs.oracle.com/javase/tutorial/uiswing/components/colorchooser.html#creating,,,,,,,
,https://docs.oracle.com/javase/tutorial/displayCode.html?code=https://docs.oracle.com/javase/tutorial/uiswing/examples/components/ColorChooserDemoProject/src/components/ColorChooserDemo.java,,,,,,,
java swing shapes,stackoverflow.com/questions/16403073/java-swing-painting-adding-another-shapes-on-a-jpanel,,,,,,,
java swing opacity,stackoverflow.com/questions/16995308/can-you-increase-line-thickness-when-using-java-graphics-for-an-applet-i-donâ€™t,,,,,,,
,stackoverflow.com/questions/2839508/java2d-increase-the-line-width,,,,,,,
java swing tutorial drawing,https://docs.oracle.com/javase/tutorial/2d/,,,,,,,
,https://docs.oracle.com/javase/tutorial/2d/geometry/index.html,,,,,,,
,https://docs.oracle.com/javase/tutorial/2d/geometry/strokeandfill.html,,,,,,,
NewTask,,,,,,,,
java equation randomizer,,,,,,,,
java equation,stackoverflow.com/questions/12134493/how-do-math-equations-work-in-java,,,,,,,
,stackoverflow.com/questions/4681959/algebra-equation-parser-for-java,,,,,,,
,www.singularsys.com/jep/,,,,,,,
,www.sanfoundry.com/java-program-solve-linear-equation/,,,,,,,
java equation algebra,stackoverflow.com/questions/15227122/solving-two-algebraic-equations-in-java,,,,,,,
,www.dreamincode.net/forums/topic/214240-java-algebraic-equation-with-gui-interface/,,,,,,,
,stackoverflow.com/questions/1431885/how-to-solve-equations-with-java,,,,,,,
,www.inmath.com/matrices-determinants/1-determinants.php,,,,,,,
,commons.apache.org/proper/commons-math/userguide/linear.html,,,,,,,
java basic algebra,,,,,,,,
java algebra,,,,,,,,
java math equations,www.functionx.com/java/Lession17.htm,,,,,,,
java apache util math,commons.apache.org/proper/commons-math/,,,,,,,
,commons.apache.org/proper/commons-math/apidocs/index.html,,,,,,,
java apache math solver,commons.apache.org/proper/commons-math/userguide/analysis.html,,,,,,,
,commons.apache.org/proper/commons-math/userguide/overview.html,,,,,,,
,commons.apache.org/proper/commons-math/userguide/analysis.html,,,,,,,
,commons.apache.org/proper/commons-math/userguide/random.html,,,,,,,
,commons.apache.org/proper/commons-math/userguide/utilities.html,,,,,,,
,commons.apache.org/proper/commons-math/userguide/index.html,,,,,,,
,commons.apache.org/proper/commons-math/userguide/stat.html#a1.4_Simple_regression,,,,,,,
,commons.apache.org/proper/commons-math/userguide/index.html,,,,,,,
,commons.apache.org/proper/commons-math/userguide/stat.html#a1.4_Simple_regression,,,,,,,
java equation parser,stackoverflow.com/questions/3422673/evaluating-a-math-expression-given-in-string-form,,,,,,,
,http://en.wikipedia.org/wiki/Lexical_analysis,,,,,,,
,stackoverflow.com/questions/3422673/evaluating-a-math-expression-given-in-string-form,,,,,,,
java random expression generator,programmers.stackexchange.com/questions/195813/generating-random-math-expression,,,,,,,
,stackoverflow.com/questions/9576976/i-need-to-set-10-random-expression-using-random-operation,,,,,,,
,stackoverflow.com/questions/9420491/random-math-questions-generator-for-android,,,,,,,
NewTask,,,,,,,,
java sql preparedstatement,docs.oracle.com/javase/tutorial/jdbc/basics/prepared.html,,,,,,,
,docs.oracle.com/javase/tutorial/jdbc/basics/index.html,,,,,,,
,docs.oracle.com/javase/tutorial/jdbc/basics/prepared.html,,,,,,,
,docs.oracle.com/javase/tutorial/jdbc/basics/connecting.html,,,,,,,
java jdbc batch insert prepared statement,www.mkyong.com/jdbc/jdbc-preparedstatement-example-batch-update/,,,,,,,
NewTask,,,,,,,,
java permutations of an array,stackoverflow.com/questions/2920315/permutation-of-array,,,,,,,
java combinations without repetition,stackoverflow.com/questions/28083923/java-combinations-without-repetition,,,,,,,
,stackoverflow.com/questions/127704/algorithm-to-return-all-combinations-of-k-elements-from-n?rq=1,,,,,,,
,stackoverflow.com/questions/1316765/what-is-an-efficient-algorithm-to-create-all-possible-combinations?rq=1,,,,,,,
java combinations groups,stackoverflow.com/questions/3800127/combination-of-combination-java,,,,,,,
,stackoverflow.com/questions/20935315/java-generate-the-power-set-of-a-given-list,,,,,,,
,codereview.stackexchange.com/questions/12262/create-a-list-of-all-possible-combinations-of-elements-into-n-groups-from-a-set,,,,,,,
NewTask,,,,,,,,
java algebra,krum.rz.uni-mannheim.de/jas,,,,,,,
java algebra system example,,,,,,,,
""java algebra system" example""java algebra system" example""ava alge",github.com/kredel/java-algebra-system,,,,,,,
,github.com/kredel/java-algebra-system/tree/master/examples,,,,,,,
,freecode.com/projects/jas,,,,,,,
java beginner algebra,stackoverflow.com/questions/4681959/algebra-equation-parser-for-java,,,,,,,
java script engine,,,,,,,,
java ScriptEngineManager,https://docs.oracle.com/javase/7/docs/api/javax/script/ScriptEngineManager.html,,,,,,,
,www.singularsys.com/jep,,,,,,,
,www.singularsys.com/jep/index.html,,,,,,,
,projects.congrace.de/exp4j,,,,,,,
java teach algebra,,,,,,,,
java begionner algebra,,,,,,,,
java beginner algebra,,,,,,,,
java basic algebra,stackoverflow.com/questions/135892/is-there-a-library-for-linear-algebra-matrix-handling-in-java,,,,,,,
,math.nist.gov/javanumerics/jama,,,,,,,
guava algebra,,,,,,,,
""Java Algebra System" site:stackoverflow.com""Java Algebra System" site:stackoverflow.com""ava Algebra System" sit""va A",stackoverflow.com/questions3051138/how-would-someone-implement-mathematical-formulae-in-java,,,,,,,
,stackoverflow.com/questions/6464220/finding-the-single-unknown-in-an-equation,,,,,,,
,https://en.wikipedia.org/wiki/List_of_computer_algebra_systems#Operating_system_support,,,,,,,
,stackoverflow.com/questions/2719573/solve-mathematical-equation-with-1-unknown-equations-are-dynamically-built,,,,,,,
""Java Algebra System" site:stackoverflow.com examples""Java Algebra System" site:stackoverflow.com examples""ava Algebra System" site:stackov""va Algebra Sy",stackoverflow.com/questions/11117158/java-formula-evaluation-library-with-out-of-order-variables-feature,,,,,,,
,stackoverflow.com/questions/2719573/solve-mathematical-equation-with-1-unknown-equations-are-dynamically-built,,,,,,,
java store algebra equations,stackoverflow.com/questions/1431885/how-to-solve-equations-with-java,,,,,,,
,introcs.cs.princeton.edu/java/92symbolic/Polynomial.java.html,,,,,,,
java polynomial,,,,,,,,
java algebra data type,programmers.stackexchange.com/questions/159804/how-do-you-encode-algebraic-data-types-in-a-c-or-java-like-language,,,,,,,
,https://github.com/Jamesiry/jADT,,,,,,,
java algebraic data type,,,,,,,,
java store algebraic equation,stackoverflow.com/questions/3422673/evaluating-a-math-expression-given-in-string-form,,,,,,,
java basic algebra algorithms,statr.me/2015/09/an-overview-of-linear-algebra-libraries-in-scala-java,,,,,,,
java polynomial class,www.cs.cmu.edu/~./adamchik/15-121/lectures/Linked%20Lists/code/Polynomial.java,,,,,,,
NewTask,,,,,,,,
java healthcare database add record,https://www.quora.com/How-do-I-design-and-implement-a-medical-record-system-using-Java-and-MySQL,,,,,,,
,www.tutorialspoint.com/jdbc/jdbc-insert-records.htm,,,,,,,
,smallbusiness.chron.com/add-database-records-using-java-netbeans-30517.html,,,,,,,
NewTask,,,,,,,,
java drawing program example,cs.lmu.edu/~ray/notes/javagraphics,,,,,,,
opengl java sketching,www.tutorialspoint.com/jogl/jogl_graphical_shapes.htm,,,,,,,
,www.cs.umd.edu/~meesh/kmconroy/JOGLTutorial,,,,,,,
java sketching program example,https://www.ntu.edu.sg/home/ehchua/programming/java/J4b_CustomGraphics.html,,,,,,,
java drawing program example,beginwithjava.blogspot.com/2008/07/very-basic-graphics-3-examples.html,,,,,,,
java draw in response to user input,www.dreamincode.net/forums/topic/276665-applet-to-draw-rectangle-with-user-input,,,,,,,
,stackoverflow.com/questions/16383990/applet-drawing-in-response-to-user-input,,,,,,,
java advanced drawing,https://docs.oracle.com/javase/tutorial/2d/advanced,,,,,,,
,https://docs.oracle.com/javase/tutorial/2d/advanced/user.html,,,,,,,
,https://docs.oracle.com/javase/tutorial/2d/advanced/examples/HitTestSample.java,,,,,,,
,https://docs.oracle.com/javase/tutorial/2d/advanced/examples/ShapeMover.java,,,,,,,
,https://www.ntu.edu.sg/home/ehchua/programming/java/J4b_CustomGraphics.html,,,,,,,
jcolorchooser,,,,,,,,
NewTask,,,,,,,,
all possible groups,,,,,,,,
all possible groupings with 4 elements,stackoverflow.com/questions/21515267/how-to-create-a-list-of-all-possible-groupings-from-n-elements,,,,,,,
java get all possible groupings,stackoverflow.com/questions/21835204/how-to-get-all-combinations-of-list-groupings-of-at-least-a-certain-size,,,,,,,
power set,,,,,,,,
power set of size,stackoverflow.com/questions/20935315/java-generate-the-power-set-of-a-given-list,,,,,,,
guava sets,www.baeldung.com/guava-sets,,,,,,,
java all possible groupings,stackoverflow.com/questions/20395235/create-all-possible-ways-of-putting-n-users-into-k-groups,,,,,,,
,stackoverflow.com/questions/2129805/algorithm-to-determine-possible-groups-of-items,,,,,,,
,codereview.stackexchange.com/questions/41510/calculate-all-possible-combinations-of-given-characters,,,,,,,
,codereview.stackexchange.com/questions/12262/create-a-list-of-all-possible-combinations-of-elements-into-n-groups-from-a-set,,,,,,,
java n people into k groups,stackoverflow.com/questions/15659552/divide-a-group-into-subgroups-of-size-k,,,,,,,
NewTask,,,,,,,,
java code for phone book,math.hws.edu/eck/cs124/javanotes3/c10/ex-10-3-answer.html,,,,,,,
,math.hws.edu/eck/cs124/javanotes5/source/PhoneDirectoryFileDemo.java,,,,,,,
,math.hws.edu/eck/cs124/javanotes3/c10/ex-10-3-answer.html,,,,,,,
,math.hws.edu/eck/cs124/javanotes3/index.html,,,,,,,
,math.hws.edu/eck/cs124/javanotes5/source/PhoneDirectoryFileDemo.java,,,,,,,
,math.hws.edu/eck/cs124/javanotes3/c10/ex-10-3-answer.html,,,,,,,
,www.dreamincode.net/forums/topic/189657-phone-book-program/,,,,,,,
,math.hws.edu/eck/cs124/javanotes3/c10/ex-10-3-answer.html,,,,,,,
,math.hws.edu/eck/cs124/javanotes5/source/PhoneDirectoryFileDemo.java,,,,,,,
,www.cs.ucf.edu/~dmarino/ucf/java/PhoneBook.java,,,,,,,
,www.dreamincode.net/forums/topic/189657-phone-book-program/,,,,,,,
,math.hws.edu/eck/cs124/javanotes5/source/PhoneDirectoryFileDemo.java,,,,,,,
,math.hws.edu/eck/cs124/javanotes3/c10/ex-10-3-answer.html,,,,,,,
,www.cs.ucf.edu/~dmarino/ucf/java/PhoneBook.java,,,,,,,
NewTask,,,,,,,,
java email client source code,java-source.net/open-source/mail-clients,,,,,,,
,freesourcecode.net/javaprojects/12945/Java-Email-Client-Example#.V0NziZMrK_A,,,,,,,
,freesourcecode.net/javaprojects/12945/MailBox.java#.V0NziZMrK_A,,,,,,,
,www.java2s.com/Code/Java/Network-Protocol/PureJavaEmailClient.htm,,,,,,,
,www.java2s.com/Code/Java/Network-Protocol/GetEmailMessageExample.htm,,,,,,,
,https://www.example-code.com/java/email.asp,,,,,,,
,www.suberic.net/pooka/,,,,,,,
,https://github.com/sendwithus/sendwithus_java,,,,,,,
,https://github.com/sendwithus/sendwithus_java/tree/master/client,,,,,,,
,https://github.com/sendwithus/sendwithus_java/tree/master/client/src,,,,,,,
,https://github.com/sendwithus/sendwithus_java/tree/master/client/src/main/java/com/sendwithus,,,,,,,
,https://github.com/sendwithus/sendwithus_java/tree/master/client/src/main/java/com/sendwithus/SendWithUs.java,,,,,,,
java email client count messages,stackoverflow.com/questions/6805351/counting-the-number-of-emails-in-the-gmail-inbox,,,,,,,
NewTask,,,,,,,,
implement survey java,https://gist.github.com/jewelsea/2850787,,,,,,,
,stackoverflow.com/questions/687720/open-source-survey-questionaire-engine-for-java,,,,,,,
,jcaif.sourceforge.net/jcaif.html,,,,,,,
,stackoverflow.com/questions/4953730/cms-to-implement-survey-module,,,,,,,
,https://www.twillio.com/docs/tutorials/walkthrough/automated-survey/java/spring,,,,,,,
,www.ihsn.org/home/implementing-surveys,,,,,,,
,ihsn.org/home/node/210,,,,,,,
,jcaif.sourceforge.net/jcaif.html,,,,,,,
java survey program code,https://jdesurvey.codeplex.com,,,,,,,
,https://jdesurvey.codeplex.com/SourceControl/latest#README.md,,,,,,,
,https://jdesurvey.codeplex.com/documentation,,,,,,,
,https://sourceforge.net/projects/surjey/,,,,,,,
,https://sourceforge.net/p/surjey/code/?source=navbar,,,,,,,
,surjey.cvs.sourceforge.net/viewvc/surjey/,,,,,,,
,www.coderanch.com/t/633871/open-source/Java-Open-Source-survey-application,,,,,,,
,https://github.com/JD-Software/JDeSurvey,,,,,,,
,https://github.com/JD-Software/JDeSurvey/tree/master/jdsurvey-all,,,,,,,
,https://github.com/JD-Software/JDeSurvey,,,,,,,
,https://github.com/JD-Software/JDeSurvey/tree/master/jdsurvey-core,,,,,,,
,https://github.com/JD-Software/JDeSurvey/tree/master/jdsurvey-core/src,,,,,,,
,https://github.com/JD-Software/JDeSurvey/tree/master/jdsurvey-core/src/main,,,,,,,
,https://github.com/JD-Software/JDeSurvey/tree/master/jdsurvey-core/src/main/java,,,,,,,
,https://github.com/JD-Software/JDeSurvey/tree/master/jdsurvey-core/src/main/java/com/jd/survey,,,,,,,
,https://github.com/JD-Software/JDeSurvey/tree/master/jdsurvey-core/src/main/java/com/jd/survey/util,,,,,,,
,https://github.com/JD-Software/JDeSurvey/tree/master/jdsurvey-core/src/main/java/com/jd/survey,,,,,,,
,https://github.com/JD-Software/JDeSurvey/tree/master/jdsurvey-core/src/main/java/com/jd/survey/service,,,,,,,
,https://github.com/JD-Software/JDeSurvey/tree/master/jdsurvey-core/src/main/java/com/jd/survey/service/survey,,,,,,,
,https://github.com/JD-Software/JDeSurvey/tree/master/jdsurvey-core/src/main/java/com/jd/survey/service/survey/SurveyService.java,,,,,,,
,https://github.com/JD-Software/JDeSurvey,,,,,,,
,https://gist.github.com/jewelsea/2850787,,,,,,,
,https://github.com/JD-Software/JDeSurvey/tree/master/jdsurvey-core/src/main/java/com/jd/survey/service/survey/SurveyService.java,,,,,,,
parts of a survey application,www.surveysystem.com/sdesign.htm,,,,,,,
survey database,stackoverflow.com/questions/1764435/database-design-for-a-survey,,,,,,,
survey database code,,,,,,,,
survey databaseschema,,,,,,,,
survey database schema,stackoverflow.com/questions/540885/what-mysql-database-tables-and-relationships-would-support-a-qa-survey-with-con,,,,,,,
,https://github.com/durrantm/survey,,,,,,,
,https://github.com/durrantm/survey/blob/master/1.6,,,,,,,
,https://github.com/durrantm/survey/blob/master/1.6/survey_1_6.mwb,,,,,,,
,https://github.com/durrantm/survey/blob/master/1.6,,,,,,,
,https://github.com/durrantm/survey/blob/master/1.6/survey_1_6.mwb.bak,,,,,,,
,https://github.com/durrantm/survey,,,,,,,
,https://github.com/durrantm/survey/blob/master/README.md,,,,,,,
,stackoverflow.com/questions/540885/what-mysql-database-tables-and-relationships-would-support-a-qa-survey-with-con,,,,,,,
,https://github.com/durrantm/survey/blob/master/README.md,,,,,,,
,stackoverflow.com/questions/1764435/database-design-for-a-survey,,,,,,,
,https://github.com/durrantm/survey/blob/master/README.md,,,,,,,
,stackoverflow.com/questions/540885/what-mysql-database-tables-and-relationships-would-support-a-qa-survey-with-con,,,,,,,
,https://github.com/durrantm/survey/blob/master/README.md,,,,,,,
,www.vertabelo.com/blog/technical-articles/a-database-model-for-an-online-survey-part-1,,,,,,,
,dba.stackexchange.com/questions/16002/survey-database-design-associate-an-answer-to-a-user,,,,,,,
,https://github.com/JD-Software/JDeSurvey/tree/master/jdsurvey-core/src/main/java/com/jd/survey/service/survey/SurveyService.java,,,,,,,
,dba.stackexchange.com/questions/16002/survey-database-design-associate-an-answer-to-a-user,,,,,,,
,stackoverflow.com/questions/540885/what-mysql-database-tables-and-relationships-would-support-a-qa-survey-with-con,,,,,,,
,stackoverflow.com/questions/1764435/database-design-for-a-survey,,,,,,,
,https://gist.github.com/jewelsea/2850787,,,,,,,
,https://github.com/JD-Software/JDeSurvey/tree/master/jdsurvey-core/src/main/java/com/jd/survey/service/survey/SurveyService.java,,,,,,,
,https://gist.github.com/jewelsea/2850787,,,,,,,
,https://github.com/JD-Software/JDeSurvey/tree/master/jdsurvey-core/src/main/java/com/jd/survey/service/survey/SurveyService.java,,,,,,,
,https://github.com/JD-Software/JDeSurvey/tree/master/jdsurvey-core/src/main/java/com/jd/survey/service/survey,,,,,,,
,https://github.com/JD-Software/JDeSurvey/tree/master/jdsurvey-core/src/main/java/com/jd/survey,,,,,,,
,https://github.com/JD-Software/JDeSurvey/tree/master/jdsurvey-core/src/main/java/com/jd/survey/dao,,,,,,,
,https://github.com/JD-Software/JDeSurvey/tree/master/jdsurvey-core/src/main/java/com/jd/survey/dao/survey,,,,,,,
,https://github.com/JD-Software/JDeSurvey/tree/master/jdsurvey-core/src/main/java/com/jd/survey/dao/survey/SurveyDaoimpl.java,,,,,,,
,https://github.com/JD-Software/JDeSurvey/tree/master/jdsurvey-core/src/main/java/com/jd/survey/dao/survey,,,,,,,
,https://github.com/JD-Software/JDeSurvey/tree/master/jdsurvey-core/src/main/java/com/jd/survey/dao,,,,,,,
,https://github.com/JD-Software/JDeSurvey/tree/master/jdsurvey-core/src/main/java/com/jd/survey,,,,,,,
,https://github.com/JD-Software/JDeSurvey/tree/master/jdsurvey-core/src/main/java/com,,,,,,,
,https://github.com/JD-Software/JDeSurvey/tree/master/jdsurvey-core/src/main/java/com/jd/survey,,,,,,,
,https://github.com/JD-Software/JDeSurvey/tree/master/jdsurvey-core/src/main/java/com/jd/survey/domain,,,,,,,
,https://github.com/JD-Software/JDeSurvey/tree/master/jdsurvey-core/src/main/java/com/jd/survey/domain/survey,,,,,,,
,https://github.com/JD-Software/JDeSurvey/tree/master/jdsurvey-core/src/main/java/com/jd/survey/domain/survey/Survey.java,,,,,,,
NewTask,,,,,,,,
implement video game java,www.abeautifulsite.net/java-game-programming-for-beginners/,,,,,,,
,zetcode.com/tutorials/javagamestutorial/,,,,,,,
,zetcode.com/tutorials/javagamestutorial/basics/,,,,,,,
,beginwithjava.blogspot.com/2010/08/java-video-game-programming-game-logic.html,,,,,,,
,zetcode.com/tutorials/javagamestutorial/collision/,,,,,,,
,gamedevelopment.tutsplus.com/tutorials/building-a-peer-to-peer-multiplayer-networked-game--gamedev-10074,,,,,,,
,beginwithjava.blogspot.com/2010/08/java-video-game-programming-game-logic.html,,,,,,,
,zetcode.com/tutorials/javagamestutorial/,,,,,,,
,zetcode.com/tutorials/javagamestutorial/movingsprites/,,,,,,,
NewTask,,,,,,,,
Find Java source code that counts new messages.,http://developers.google.com/protocol-buffers/docs/javatutorial,,,,,,,
Java source code that counts new messages in email,http://www.planet-source-code.com/vb/scripts/ShowCode.asp?txtCodeId=7112&lngWId=2,,,,,,,
,stackoverflow.com/questions/13137405/retrieving-all-unread-emails-using-javamail,,,,,,,
,www.java2s.com/Code/Java/Email/GetMessageSizeLineCount.htm,,,,,,,
,stackoverflow.com/questions/13137405/retrieving-all-unread-emails-using-javamail,,,,,,,
Java source code that counts new messages in email,www.developer.com/java/data/monitoring-email-accounts-imap-in-java.html,,,,,,,
NewTask,,,,,,,,
AI chess engine,,,,,,,,
jpacman testing game,https://github.com/avandeursen/jpacman-framework-v5,,,,,,,
,https://github.com/avandeursen/jpacman-framework-v5/tree/master/src,,,,,,,
,https://github.com/avandeursen/jpacman-framework-v5/tree/master/src/main,,,,,,,
,https://github.com/avandeursen/jpacman-framework-v5/tree/master/src/main/java/org/jpacman/framework,,,,,,,
,https://github.com/avandeursen/jpacman-framework-v5/tree/master/src/main/java/org/jpacman/framework/ui,,,,,,,
,https://github.com/avandeursen/jpacman-framework-v5/tree/master/src/main/java/org/jpacman/framework/ui/MainUI.java,,,,,,,
,https://github.com/avandeursen/jpacman-framework-v5/tree/master/src/main/java/org/jpacman/framework/ui,,,,,,,
,https://github.com/avandeursen/jpacman-framework-v5/tree/master/src/main/java/org/jpacman/framework/ui/PacmanInteraction.java,,,,,,,
,https://github.com/avandeursen/jpacman-framework-v5/tree/master/src/main/java/org/jpacman/framework/ui,,,,,,,
,https://github.com/avandeursen/jpacman-framework-v5/tree/master/src/main/java/org/jpacman/framework/ui/PointsPanel.java,,,,,,,
,https://github.com/avandeursen/jpacman-framework-v5/tree/master/src/main/java/org/jpacman/framework/ui,,,,,,,
,https://github.com/avandeursen/jpacman-framework-v5/tree/master/src/main/java/org/jpacman/framework,,,,,,,
,https://github.com/avandeursen/jpacman-framework-v5/tree/master/src/main/java/org/jpacman/framework/view,,,,,,,
,https://github.com/avandeursen/jpacman-framework-v5/tree/master/src/main/java/org/jpacman/framework/view/BoardView.java,,,,,,,
,https://github.com/avandeursen/jpacman-framework-v5/tree/master/src/main/java/org/jpacman/framework/view,,,,,,,
,https://github.com/avandeursen/jpacman-framework-v5/tree/master/src/main/java/org/jpacman/framework,,,,,,,
,https://github.com/avandeursen/jpacman-framework-v5/tree/master/src/main,,,,,,,
,https://github.com/avandeursen/jpacman-framework-v5/tree/master/src/main/java/org/jpacman/framework,,,,,,,
,https://github.com/avandeursen/jpacman-framework-v5/tree/master/src/main,,,,,,,
,https://github.com/avandeursen/jpacman-framework-v5/tree/master/src,,,,,,,
,https://github.com/avandeursen/jpacman-framework-v5/tree/master/src/main,,,,,,,
,https://github.com/avandeursen/jpacman-framework-v5/tree/master/src/main/java/org/jpacman/framework,,,,,,,
,https://github.com/avandeursen/jpacman-framework-v5/tree/master/src/main/java/org/jpacman/framework/model,,,,,,,
,https://github.com/avandeursen/jpacman-framework-v5/tree/master/src/main/java/org/jpacman/framework/model/Game.java,,,,,,,
,https://github.com/avandeursen/jpacman-framework-v5/tree/master/src/main,,,,,,,
,https://github.com/avandeursen/jpacman-framework-v5/tree/master/src,,,,,,,
,https://github.com/avandeursen/jpacman-framework-v5/tree/master/src/test,,,,,,,
,https://github.com/avandeursen/jpacman-framework-v5/tree/master/src/test/framework,,,,,,,
,https://github.com/avandeursen/jpacman-framework-v5/tree/master/src/test/framework/accept,,,,,,,
,https://github.com/avandeursen/jpacman-framework-v5/tree/master/src/test/framework,,,,,,,
,https://github.com/avandeursen/jpacman-framework-v5/tree/master/src/test/framework/factory,,,,,,,
,https://github.com/avandeursen/jpacman-framework-v5/tree/master/src/test/framework,,,,,,,
,https://github.com/avandeursen/jpacman-framework-v5/tree/master/src/test/framework/model,,,,,,,
,https://github.com/avandeursen/jpacman-framework-v5/tree/master/src/test/framework,,,,,,,
,https://github.com/avandeursen/jpacman-framework-v5/tree/master/src/test/framework/ui,,,,,,,
,https://github.com/avandeursen/jpacman-framework-v5/tree/master/src/test/framework/ui/MainUITest.java,,,,,,,
NewTask,,,,,,,,
java source code to survey application form,www.coderanch.com/t/633871/open-source/Java-Open-Source-survey-application,,,,,,,
,https://www.surveymonkey.com,,,,,,,
,https://survey.codeplex.com,,,,,,,
,stackoverflow.com/questions/687720/open-source-survey-questionaire-engine-for-java,,,,,,,
,jcaif.sourceforge.net/jcaif.html,,,,,,,
,https://github.com/JD-Software/JDeSurvey,,,,,,,
,https://github.com/JD-Software/JDeSurvey/tree/master/JDESURVEY,,,,,,,
,https://github.com/JD-Software/JDeSurvey,,,,,,,
,https://github.com/JD-Software/JDeSurvey/tree/master/jdsurvey-core,,,,,,,
,https://github.com/JD-Software/JDeSurvey/tree/master/jdsurvey-core/src,,,,,,,
,https://github.com/JD-Software/JDeSurvey/tree/master/jdsurvey-core/src/main,,,,,,,
,https://github.com/JD-Software/JDeSurvey/tree/master/jdsurvey-core/src/main/java,,,,,,,
,https://github.com/JD-Software/JDeSurvey/tree/master/jdsurvey-core/src/main/java/META-INF,,,,,,,
,https://github.com/JD-Software/JDeSurvey/tree/master/jdsurvey-core/src/main/java,,,,,,,
,https://github.com/JD-Software/JDeSurvey/tree/master/jdsurvey-core/src/main/java/com/jd/survey,,,,,,,
,https://github.com/JD-Software/JDeSurvey/tree/master/jdsurvey-core/src/main/java/com/jd/survey/service,,,,,,,
,https://github.com/JD-Software/JDeSurvey/tree/master/jdsurvey-core/src/main/java/com/jd/survey/service/email,,,,,,,
,https://github.com/JD-Software/JDeSurvey/tree/master/jdsurvey-core/src/main/java/com/jd/survey/service/email/MailService.java,,,,,,,
,https://github.com/JD-Software/JDeSurvey,,,,,,,
,https://github.com/JD-Software/JDeSurvey/tree/master/jdsurvey-all,,,,,,,
,https://github.com/JD-Software/JDeSurvey,,,,,,,
,https://github.com/JD-Software/JDeSurvey/tree/master/jdsurvey-core,,,,,,,
,https://github.com/JD-Software/JDeSurvey/tree/master/jdsurvey-core/src,,,,,,,
,https://github.com/JD-Software/JDeSurvey/tree/master/jdsurvey-core/src/main,,,,,,,
,https://github.com/JD-Software/JDeSurvey/tree/master/jdsurvey-core/src/main/java,,,,,,,
,https://github.com/JD-Software/JDeSurvey/tree/master/jdsurvey-core/src/main/java/com/jd/survey,,,,,,,
,https://github.com/JD-Software/JDeSurvey/tree/master/jdsurvey-core/src/main/java/com/jd/survey/security,,,,,,,
,https://github.com/JD-Software/JDeSurvey/tree/master/jdsurvey-core/src/main/java/com/jd/survey/security/JDUserDetailsService.java,,,,,,,
,https://github.com/JD-Software/JDeSurvey/tree/master/jdsurvey-core/src/main/java/com/jd/survey/security,,,,,,,
,https://github.com/JD-Software/JDeSurvey/tree/master/jdsurvey-core/src/main/java/com/jd/survey,,,,,,,
,https://github.com/JD-Software/JDeSurvey/tree/master/jdsurvey-core/src/main/java/com/jd/survey/domain,,,,,,,
,https://github.com/JD-Software/JDeSurvey/tree/master/jdsurvey-core/src/main/java/com/jd/survey/domain/survey,,,,,,,
,https://github.com/JD-Software/JDeSurvey/tree/master/jdsurvey-core/src/main/java/com/jd/survey/domain/survey/QuestionAnswerOption.java,,,,,,,
,https://github.com/JD-Software/JDeSurvey/tree/master/jdsurvey-core/src/main/java/com/jd/survey/domain/survey,,,,,,,
,https://github.com/JD-Software/JDeSurvey/tree/master/jdsurvey-core/src/main/java/com/jd/survey/domain/survey/QuestionAnswerOption.java,,,,,,,
,https://github.com/JD-Software/JDeSurvey/tree/master/jdsurvey-core/src/main/java/com/jd/survey/domain/survey,,,,,,,
,https://github.com/JD-Software/JDeSurvey/tree/master/jdsurvey-core/src/main/java/com/jd/survey/domain/survey/Survey.java,,,,,,,
,https://github.com/JD-Software/JDeSurvey/tree/master/jdsurvey-core/src/main/java/com/jd/survey/domain/survey,,,,,,,
,https://github.com/JD-Software/JDeSurvey/tree/master/jdsurvey-core/src/main/java/com/jd/survey/domain/survey/SurveyStatus.java,,,,,,,
,https://github.com/JD-Software/JDeSurvey/tree/master/jdsurvey-core/src/main/java/com/jd/survey/domain/survey,,,,,,,
,https://github.com/JD-Software/JDeSurvey/tree/master/jdsurvey-core/src/main/java/com/jd/survey/domain/survey/QuestionAnswer.java,,,,,,,
,https://github.com/JD-Software/JDeSurvey/tree/master/jdsurvey-core/src/main/java/com/jd/survey/domain/survey,,,,,,,
,https://github.com/JD-Software/JDeSurvey/tree/master/jdsurvey-core/src/main/java/com/jd/survey/domain/survey/SurveyEntry.java,,,,,,,
NewTask,,,,,,,,
java code to retrive phone numbers by name,stackoverflow.com/questions/15445258/how-to-retrieve-contacts-phone-number-android,,,,,,,
,stackoverflow.com/questions/2356084/read-all-contacts-phone-numbers-in-android,,,,,,,
,stackoverflow.com/questions/15445258/how-to-retrieve-contacts-phone-number-android,,,,,,,
,stackoverflow.com/questions/2356084/read-all-contacts-phone-numbers-in-android,,,,,,,
NewTask,,,,,,,,
new email client in java counts new messges,,,,,,,,
new email client in java counts new messages site:stackoverflow,,,,,,,,
java counts new messages site:stackoverflow,,,,,,,,
java :stackoverflow,,,,,,,,
java email client message count site:stackoverflow,,,,,,,,
java email client message count,stackoverflow.com/questions/6805351/counting-the-number-of-emails-in-the-gmail-inbox,,,,,,,
,stackoverflow.com/questions/13137405/retrieving-all-unread-emails-using-javamail-with-pop3-protocol,,,,,,,
,stackoverflow.com/questions/26372679/how-to-read-the-unread-email-using-java-mail-api,,,,,,,
,www.java-tips.org/java-se-tips-100019/15-javax-swing/1392-how-to-create-an-e-mail-client-in-java.html,,,,,,,
,www.oracle.com/technetwork/java/javamail/faq/index.html#debug,,,,,,,
,javamail.java.net/nonav/docs/api/javax/mail/Folder.html,,,,,,,
getNewMessageCount java sample code,www.programcreek.com/java-api-examples/index.php?class=javax.mail.Folder&method=getMessageCount,,,,,,,
,alvinalexander.com/java/javamail-search-unseen-unread-messages-mailbox-pop3,,,,,,,
NewTask,,,,,,,,
basic mario game java code,processingjs.nihongoresources.com/test/PjsGameEngine/docs/tutorial/mario.html,,,,,,,
basic mario game java code site:stackoverflow,,,,,,,,
google advanced search,https://www.google.com/advanced_search,,,,,,,
advanced query: all these words: mario java AND any of these words: java AND site or domain: stackoverflow,https://www.google.com/advanced_search,,,,,,,
advanced query: all these words: mario java AND any of these words: java,https://www.google.com/advanced_search,,,,,,,
advanced query: all these words: mario java program AND any of these words: java,www.dreamincode.net/forums/topic/259240-how-to-make-a-game-like-super-mario-bros-in-java,,,,,,,
,www.dreamincode.net/forums/topic/166788-java-game-programming-thread,,,,,,,
,www.codeproject.com/Articles/396959/Mario,,,,,,,
,"processingjs.nihongoresources.com/test/PjsGameEngine/docs/tutorial/mario.html	",,,,,,,
,codereview.stackexchange.com/questions/51118/organizing-code-in-small-mario-game,,,,,,,
mario basic game datastructures and alogritms,,,,,,,,
advanced search,https://www.google.com/advanced_search,,,,,,,
advanced query: all these words: basic mario game java AND any of thse words: java AND file type: .ps,,,,,,,,
how to make a mario game in java,,,,,,,,
what datastructures to make a mario game in java,gamedev.stackexchange.com/questions/16197/data-structures-in-older-games,,,,,,,
,www.gamedev.net/topics/454803-super-mario-source-code,,,,,,,
,www.javaworld.com/article/2073390/core-java/datastructures-and-algorithms-part-1.html,,,,,,,
,www.raywenderlich.com/15230/how-to-make-a-platform-game-like-super-mario-brothers-part-1,,,,,,,
,www.java-gaming.org/index.php?topic=37590.0,,,,,,,
java datastructures required to make mario game,gamedev.stackexchange.com/questions/77844/what-are-some-ways-to-store-level-data-in-a-game-like-gunpoint,,,,,,,
,stackoverflow.com/questions/1137638/what-is-the-best-way-to-represent-the-levels-in-a-2d-side-scroller,,,,,,,
how to make mario in java'`,www.gamedev.net/topic/425782-mario-clone-java-help,,,,,,,
,javacooperation.gmxhome.de/TutorialStartEng.html,,,,,,,
,https://github.com/arjanfrans/mario-game,,,,,,,
how to make a mario game in java,www.instructables.com/id/Make-your-own-Super-Mario-game,,,,,,,
java mario game source code,https://javamarioplatformer.codeplex.com,,,,,,,
,stackoverflow.com/questions/2894661/creating-a-java-platform-game-as-easily-as-possible,,,,,,,
,www.coderance.com/t/201140/Game-Development/java/JMario-Java-side-scroll-game,,,,,,,
,https://sourceforge.net/projects/jmario,,,,,,,
java basic mario game,processingjs.nihongoresources.com/test/PjsGameEngine/docs/tutorial/mario.html,,,,,,,
NewTask,,,,,,,,
java datastrcture for phonebook,https://www.quora.com/Which-data-structure-is-better-to-implement-a-phone-book-Trie-or-Hash-Why,,,,,,,
NewTask,,,,,,,,
how to create a survey in java,codereview.stackexchange.com/questions/80261/simple-survey-application,,,,,,,
,stackoverflow.com/questions/28982/create-a-dynamic-survey,,,,,,,
,codereview.stackexchange.com/questions/80261/simple-survey-application,,,,,,,
how to create a simple survey in java,stackoverflow.com/questions/687720/open-source-survey-questionnaire-engine-for-java,,,,,,,
,www.java-forums.org/new-java/59500-creating-simple-survey.html,,,,,,,
,www.coderanch.com/t/374560/java/java/Poll-Simple-Survey-application,,,,,,,
,jcaif.sourceforge.net/jcaif.html,,,,,,,
,jcaif.sourceforge.net/jcaif/examples.html,,,,,,,
,jcaif.sourceforge.net/javadocs,,,,,,,
jcaif example code,https://sourceforge.net/p/jcaif/discussion/625724/thread/729c6695,,,,,,,
,jcaif.sourceforge.net,,,,,,,
java packages that allow building surveys,www.ibm.com/developerworks/aix/tutorials/au-javaphpaix6,,,,,,,
java code that allow building surveys,www.coderance.com/t/633871/open-source/Java-Open-Source-survey-application,,,,,,,
,jcaif.sourceforge.net/sonar/examples.html,,,,,,,
,"jcaif.sourceforge.net/sonar/screenshots.html	",,,,,,,
java survey program,www.javaprogrammingforums.com/java-theory-questions/5529-help-beginners-java-assignment-survey-results.html,,,,,,,
,popkade.ir/website/directProcess/90306392/3dc6a09727ee3fec6731cc040a99335a,,,,,,,
,https://jdesurvey.codeplex.com,,,,,,,
building a survye using java,https://twili.com/docs/tutorials/walkthrough/automated-survey/java/spring,,,,,,,
,jspsurveylib.sourceforge.net/help/jspdocs/JSPHowTo.html,,,,,,,
,https://dzone.com/articles/arcitext-this-implementing-a-,,,,,,,
,https://github.com/TwilioDevEd/automated-survey-spring,,,,,,,
,https://github.com/TwilioDevEd/automated-survey-spring/tree/master/src,,,,,,,
,https://github.com/TwilioDevEd/automated-survey-spring/tree/master/src/test/java/com/twilio/survey,,,,,,,
,https://github.com/TwilioDevEd/automated-survey-spring/tree/master/src/test/java/com/twilio/survey/services,,,,,,,
,https://github.com/TwilioDevEd/automated-survey-spring/tree/master/src/test/java/com/twilio/survey/services/QuestionServiceTest.java,,,,,,,
,"https://github.com/TwilioDevEd/automated-survey-spring/tree/master/src/test/java/com/twilio/survey/services/SurveyServiceTest.java	",,,,,,,
,https://github.com/TwilioDevEd/automated-survey-spring/tree/master/src/test/java/com/twilio/survey,,,,,,,
,https://github.com/TwilioDevEd/automated-survey-spring/tree/master/src/test/java/com/twilio/survey/controllers,,,,,,,
,https://github.com/TwilioDevEd/automated-survey-spring/tree/master/src/test/java/com/twilio/survey/services,,,,,,,
,"https://github.com/TwilioDevEd/automated-survey-spring/tree/master/src/test/java/com/twilio/survey/services/SurveyServiceTest.java	",,,,,,,
,https://github.com/TwilioDevEd/automated-survey-spring/tree/master/src/test/java/com/twilio/survey/services,,,,,,,
,https://github.com/TwilioDevEd/automated-survey-spring/tree/master/src/test/java/com/twilio/survey/services/ResponseServiceTest.java,,,,,,,
,https://github.com/TwilioDevEd/automated-survey-spring/tree/master/src/test/java/com/twilio/survey/services,,,,,,,
,https://github.com/TwilioDevEd/automated-survey-spring/tree/master/src/test/java/com/twilio/survey/services/QuestionServiceTest.java,,,,,,,
NewTask,,,,,,,,
algebra java code,introcs.cs.princeton.edu/java/95linear/,,,,,,,
basic algebra java code,introcs.cs.princeton.edu/java/11cheatsheet/,,,,,,,
basic algebra algorithm java,,,,,,,,
addition algorithm java,stackoverflow.com/questions/2412622/algorithm-for-binary-arithmetic-in-java,,,,,,,
,www.programmingsimplified.com/java/source-code/java-program-add-two-numbers,,,,,,,
algebra basics algorithm,www.mathematik.uni-kl.de/~decker/Lehre/SS11/pramaSymbol/skript/ppp1.pdf,,,,,,,
,https://services.brics.dk/java/courseadmin/AA,,,,,,,
,https://services.brics.dk/java/courseadmin/AA/news,,,,,,,
,https://services.brics.dk/java/courseadmin/AA/pages/Lectures,,,,,,,
,https://services.brics.dk/java/courseadmin/AA/pages/Scribe+Notes,,,,,,,
,https://services.brics.dk/java/courseadmin/AA/documents/,,,,,,,
algebra basics algorithms implementation java,www.sanfoundry.com/java-programming-examples-numerical-problems-algorithms/,,,,,,,
,www.sanfoundry.com/java-program-solve-linear-equation/,,,,,,,
linear algebra java,,,,,,,,
linear algebra java implementation,introcs.cs.princeton.edu/java/95linear/,,,,,,,
linear algebra java implementation github,https://github.com/fommil/netlib-java,,,,,,,
,https://github.com/SebastianNiemann/ArmadilloJava,,,,,,,
,https://github.com/SebastianNiemann/ArmadilloJava/tree/master/src,,,,,,,
,https://github.com/SebastianNiemann/ArmadilloJava/tree/master/src/main/java/org/armadillojava,,,,,,,
linear algebra java implementation github,,,,,,,,
linear algebra java implementation stack,scicomp.stackexchange.com/questions/2656/recommendations-for-a-usable-fast-java-matrix-library,,,,,,,
,stackoverflow.com/questions/529457/performance-of-java-matrix-math-libraries,,,,,,,
linear algebra java code stack,,,,,,,,
tutorial linear algebra java code stack,stackoverflow.com/questions/6401851/linear-algebra-usage-in-programming,,,,,,,
,gamedev.stackexchange.com/questions/2029/what-math-should-all-game-programmers-know,,,,,,,
linear algebra examples java,math.nist.gov/javanumerics/jama/,,,,,,,
basic algebra examples java,,,,,,,,
algebra examples java,la4j.org,,,,,,,
,statr.me/2015/09/an-overview-of-linear-algebra-libraries-in-scala-java/,,,,,,,
NewTask,,,,,,,,
patient record system code java,,,,,,,,
google advanced search,https://www.google.com/advanced_search,,,,,,,
patient recod system filetype:doc,,,,,,,,
patient recod system filetype:java,https://www.github.com/amiramw/ALS-hackathon/blob/master/ALS_backend/src/main/java/als/perrsistence/dao/jdbc/Patient.java,,,,,,,
NewTask,,,,,,,,
google advanced search,https://www.google.com/advanced_search,,,,,,,
all possible combination filetype:ps,,,,,,,,
all possible combination filetype:java,,,,,,,,
divide students into combinations filetype:java,,,,,,,,
find all combinations filetype:java,,,,,,,,
find all combinations of groups filetype:java,,,,,,,,
divide into groups all filetype:java,,,,,,,,
find all possible combinations of filetype:java,introcs.cs.princeton.edu/java/23recursion/Combinations.java,,,,,,,
NewTask,,,,,,,,
google advanced search,https://www.google.com/advanced_search,,,,,,,
sketch canvas filetype:pdf,,,,,,,,
sketch canvas filetype:java,https://github.com/banderson/Etch-a-Sketch/blob/master/src/Canvas.java,,,,,,,
,math.hws.edu/eck/cs124/javanotes3/source/SimplePaint2.java,,,,,,,
,math.hws.edu/eck/cs124/javanotes3/source/SimplePaint3.java,,,,,,,
,https://android.googlesource.com/platform/frameworks/base/+/b6d99b7d17fd1bb1326a70744bd01be5d1586487/tests/sketch/src/com/android/gesture/Gesture.java,,,,,,,
,code.arc.cmu.edu/archive/dmgftp/public_media/kwon/designrecorder/src/recorder/SketchPanel.java,,,,,,,
simple sketch canvas filetype:java,https://www.bluej.org/resources/classes/Canvas.java,,,,,,,
,code.arc.cmu.edu/archive/dmgftp/public_media/kwon/designrecorder/src/recorder/SketchPanel.java,,,,,,,
